Gene,Value,Normalized_Value
HIST1H4K,430311,215.1555
HIST1H2AK,430410,215.205
HIST1H2BN,429995,214.9975
HIST1H2AL,430379,215.1895
HIST1H1B,430245,215.1225
HIST1H3I,430406,215.203
HIST1H4L,430313,215.1565
PGBD1,430813,215.4065
HIST1H1E,430186,215.093
HIST1H2BD,430082,215.041
ZKSCAN4,430324,215.162
ZSCAN12,430646,215.323
ZNF165,430523,215.2615
NKAPL,430612,215.306
OR2B2,430333,215.1665
NT5C2,430246,215.123
ZSCAN23,430901,215.4505
EI24,430214,215.107
ZNF184,430132,215.066
ZKSCAN3,430319,215.1595
MAD1L1,430204,215.102
CNNM2,430415,215.2075
AS3MT,430584,215.292
STT3A,430501,215.2505
CHEK1,429520,214.76
HIST1H2BL,429965,214.9825
HIST1H3H,430146,215.073
HIST1H2AJ,430126,215.063
HIST1H2BM,429890,214.945
PATE1,431408,215.704
SCGN,430345,215.1725
SLC17A1,430099,215.0495
HIST1H4J,429796,214.898
PLCB2,429960,214.98
HIST1H2BC,429973,214.9865
HIST1H2AC,430068,215.034
SLC17A3,430176,215.088
BTN3A2,430433,215.2165
BTN2A2,430547,215.2735
BTN2A1,430443,215.2215
HIST1H1T,430365,215.1825
HFE,429982,214.991
HIST1H4C,429710,214.855
SLC17A4,430313,215.1565
TCF4,430013,215.0065
GPX5,430571,215.2855
AK3,430153,215.0765
PRSS16,430823,215.4115
NUDT1,430260,215.13
SNX8,430377,215.1885
CCDC39,431086,215.543
HIST1H2BJ,430121,215.0605
HIST1H2AG,430233,215.1165
PKNOX2,430523,215.2615
PIK3C2A,429640,214.82
HIST1H3C,429884,214.942
HIST1H1C,429858,214.929
BTN1A1,430403,215.2015
CUL9,430622,215.311
ITIH4,430015,215.0075
MUSTN1,431750,215.875
HLA-DRB5,430349,215.1745
ITIH3,430316,215.158
SDCCAG8,430690,215.345
AGBL3,1998002,999.001
LY6G6F,431515,215.7575
TCP10L,430250,215.125
CALN1,430508,215.254
NGEF,430607,215.3035
MFHAS1,430544,215.272
DPYD,430257,215.1285
ITIH1,430275,215.1375
MMP16,430183,215.0915
FEZ1,430429,215.2145
HIST1H1A,430216,215.108
HIST1H3A,430188,215.094
HIST1H4A,430090,215.045
HIST1H4B,429885,214.9425
HIST1H3B,430354,215.177
IFT172,430562,215.281
FNDC4,430831,215.4155
NTRK3,429930,214.965
APP,429145,214.5725
TXNRD2,430440,215.22
BANK1,430742,215.371
SRF,429842,214.921
BTNL2,430602,215.301
HMGN4,430106,215.053
GGA3,430455,215.2275
GIGYF2,430420,215.21
CDH12,430682,215.341
HIST1H2AB,430332,215.166
LUZP2,430560,215.28
FOXN2,430486,215.243
CTNND1,429748,214.874
TMEM132E,2000000,1000
PSD3,430107,215.0535
TRIM38,430286,215.143
BTN3A1,430423,215.2115
CREB3L1,430564,215.282
TMX2,430338,215.169
SFMBT1,430525,215.2625
KIAA0391,430557,215.2785
SLCO4C1,430744,215.372
CWF19L2,430211,215.1055
GCKR,430269,215.1345
CLP1,429943,214.9715
VRK2,429816,214.908
FANCL,430132,215.066
ZDHHC5,430375,215.1875
MED19,430193,215.0965
WDR18,430160,215.08
GRIN3B,430666,215.333
DPF3,430264,215.132
GRM3,429862,214.931
MAGOH,430001,215.0005
LRP8,430341,215.1705
PROX2,431216,215.608
ZDHHC2,430602,215.301
ZSCAN20,430530,215.265
SERPINF2,430362,215.181
SERPINF1,430438,215.219
VPS37A,430284,215.142
DNAJC19,430085,215.0425
YPEL4,430836,215.418
CALHM1,431874,215.937
CALHM3,2000000,1000
ABT1,430015,215.0075
EMX1,430457,215.2285
TMEM151B,430616,215.308
SPATS1,430973,215.4865
DNAJA3,429997,214.9985
NMRAL1,430623,215.3115
HMOX2,430052,215.026
FOXP1,430359,215.1795
INHBA,430404,215.202
KIF5C,430539,215.2695
SNX19,430514,215.257
FAM120AOS,431812,215.906
RRP12,430132,215.066
HIST1H3J,430118,215.059
MYLK4,430385,215.1925
CDC5L,429680,214.84
FEZF1,430986,215.493
THRB,430268,215.134
FXR1,429942,214.971
ZSWIM4,430925,215.4625
TTC23,430264,215.132
SLFN5,430479,215.2395
DIP2B,430463,215.2315
UNC5B,430414,215.207
KATNAL2,430811,215.4055
HIST1H2AM,430310,215.155
HIST1H2BO,430200,215.1
SUFU,430420,215.21
CADPS2,430445,215.2225
XPR1,430589,215.2945
UBE2D2,429845,214.9225
LRP5,430396,215.198
SFXN2,430779,215.3895
PTBP2,430026,215.013
NCAN,430230,215.115
HAPLN4,431414,215.707
ARL3,430596,215.298
RIMS1,430108,215.054
SLC9A9,430671,215.3355
SLC17A2,430253,215.1265
SPOCK1,430575,215.2875
GNL3,429874,214.937
GLT8D1,430290,215.145
GLDC,430503,215.2515
PBRM1,429970,214.985
TRIM8,430434,215.217
CDH13,430453,215.2265
SLCO6A1,430667,215.3335
XYLB,430525,215.2625
CYP2C9,429995,214.9975
AKT3,429657,214.8285
HIST1H2BK,429911,214.9555
HIST1H2AH,430181,215.0905
CYP17A1,430193,215.0965
MC3R,430639,215.3195
HIST1H4I,429751,214.8755
SLC4A10,430565,215.2825
KLHL1,430636,215.318
TBC1D12,430789,215.3945
SH3GL3,429931,214.9655
CORO7,430487,215.2435
ACOXL,431007,215.5035
SGSM1,430976,215.488
NEK4,429985,214.9925
SPCS1,430236,215.118
TTC31,430572,215.286
LBX2,430874,215.437
PCGF1,430416,215.208
SRPK2,429606,214.803
ART3,431678,215.839
EIF4E2,430146,215.073
ZBED4,2000000,1000
WDR73,431570,215.785
NMB,430677,215.3385
PLA2G2F,431546,215.773
KCNQ3,431169,215.5845
OSBPL1A,431922,215.961
HEBP1,430594,215.297
C12orf42,2000000,1000
ANP32E,430873,215.4365
DCP1B,431558,215.779
TMEM173,432074,216.037
FOXR1,2000000,1000
GLG1,2000000,1000
CA14,432138,216.069
APH1A,430671,215.3355
C1orf54,2000000,1000
PRPF3,430782,215.391
NLN,430718,215.359
FHIT,430610,215.305
OR1Q1,2000000,1000
OR1B1,2000000,1000
PPM1M,2000000,1000
WDR82,430862,215.431
DPEP1,431236,215.618
TTC7B,2000000,1000
CTNNA1,430224,215.112
TCERG1L,2000000,1000
CYP2C19,431159,215.5795
SH3PXD2A,431050,215.525
PDCD11,430711,215.3555
CALHM2,431087,215.5435
ALG12,2000000,1000
PCDH8,431222,215.611
PTK7,430889,215.4445
RPRD2,2000000,1000
BRD1,430483,215.2415
MDGA2,2000000,1000
TWF2,2000000,1000
FAM184A,430455,215.2275
CAMK1D,430718,215.359
KCNG1,2000000,1000
HELLS,430175,215.0875
CXXC5,2000000,1000
PRDM14,431537,215.7685
UPK2,431640,215.82
ZNF423,431204,215.602
KCNQ1,431533,215.7665
PIAS2,430610,215.305
SIL1,2000000,1000
VPS41,430601,215.3005
CNOT7,430196,215.098
ANTXR1,431977,215.9885
PBX1,430656,215.328
FAM120A,2000000,1000
QPCT,430718,215.359
TRIM24,430331,215.1655
SVOPL,2000000,1000
RFT1,2000000,1000
POMT1,2000000,1000
CDH4,430632,215.316
BNIP2,431225,215.6125
MRPS21,2000000,1000
CPEB1,430718,215.359
NRBP1,431948,215.974
KRTCAP3,2000000,1000
TTLL6,430718,215.359
SORBS2,2000000,1000
LPAR3,430531,215.2655
PRR12,2000000,1000
LYN,430343,215.1715
MTMR7,430972,215.486
LIPC,431088,215.544
PTPRM,431054,215.527
LIMA1,430305,215.1525
CLSTN2,431503,215.7515
NDUFA13,431309,215.6545
YJEFN3,2000000,1000
CILP2,2000000,1000
TMEM211,2000000,1000
ZNF835,431423,215.7115
MAN1A1,431225,215.6125
STAG1,430362,215.181
CREB5,430763,215.3815
STK31,2000000,1000
RYR2,431848,215.924
NUP54,430428,215.214
ZNF804A,431413,215.7065
SYNM,2000000,1000
SNRK,430997,215.4985
PGAM1,430107,215.0535
KCNAB2,431533,215.7665
AP3B2,431109,215.5545
SLC25A21,2000000,1000
TSSK6,430481,215.2405
CACNA1A,430449,215.2245
SLC32A1,431681,215.8405
C16orf91,2000000,1000
CCDC154,2000000,1000
CTF1,430618,215.309
KIF26B,2000000,1000
DDX24,430753,215.3765
IFI27L1,2000000,1000
ADAMTS2,2000000,1000
ANKS6,430718,215.359
CRELD2,2000000,1000
ADRA1D,430391,215.1955
TSNARE1,2000000,1000
NRG2,431311,215.6555
TMCO5A,2000000,1000
RFWD3,430420,215.21
ZSCAN2,2000000,1000
KCNK9,2000000,1000
SPP2,430375,215.1875
STX18,431625,215.8125
ADAMTS17,2000000,1000
DGKI,431457,215.7285
NOS2,430181,215.0905
TIGD1,430718,215.359
ASB3,2000000,1000
C8orf37,2000000,1000
GLI3,430579,215.2895
OPCML,430561,215.2805
ZNF385A,2000000,1000
LDB2,431586,215.793
SIRPG,431688,215.844
CMTM8,2000000,1000
NPHP4,431512,215.756
GTF3C2,430564,215.282
EIF2B4,430560,215.28
SNX17,430371,215.1855
EXOSC1,430339,215.1695
ZDHHC16,431429,215.7145
PCDH15,431297,215.6485
CCDC85A,2000000,1000
ADIPOR2,431690,215.845
GPC1,430508,215.254
GATAD2A,430537,215.2685
PHF7,430474,215.237
CCDC122,2000000,1000
PBX4,432096,216.048
TYK2,430720,215.36
SPTLC1,430503,215.2515
RTN1,431193,215.5965
DHX34,431705,215.8525
LRP1B,430693,215.3465
CHRNA3,431462,215.731
ASAP1,431415,215.7075
GRIA1,431112,215.556
SLTM,430800,215.4
PPM1G,430302,215.151
ZNF513,431415,215.7075
BAP1,431091,215.5455
IMMP2L,431570,215.785
CROT,431848,215.924
SLC25A23,2000000,1000
CRB3,2000000,1000
GPC6,431562,215.781
ALAS1,431176,215.588
SPHKAP,432133,216.0665
HIST1H2AA,430532,215.266
HIST1H2BA,430061,215.0305
HIST1H2BE,430823,215.4115
MSRA,430475,215.2375
RPS6KA2,430452,215.226
FSTL4,431637,215.8185
ULBP3,2000000,1000
RPRD1A,430971,215.4855
APBA1,430458,215.229
PLEKHO1,430983,215.4915
L3MBTL2,430990,215.495
CHADL,2000000,1000
GALNT3,2000000,1000
TM6SF2,431534,215.767
NISCH,431729,215.8645
TMEM132D,2000000,1000
MPV17,431660,215.83
HIST1H4H,430751,215.3755
C18orf21,430675,215.3375
GUCY1A2,431918,215.959
NAB2,431359,215.6795
STAT6,430856,215.428
DENND1C,430718,215.359
MANEAL,2000000,1000
ROR2,431396,215.698
TLR9,432315,216.1575
NOSIP,431073,215.5365
B3GAT2,431803,215.9015
NUP50,430152,215.076
KCNAB1,430718,215.359
RAF1,430382,215.191
RERE,431543,215.7715
CHAC2,430591,215.2955
SETBP1,430423,215.2115
MBD5,431361,215.6805
UCK1,431726,215.863
UBR3,431394,215.697
MYH13,431228,215.614
PRKD3,430705,215.3525
CHMP1A,432060,216.03
ABCG2,430250,215.125
ALDH5A1,431598,215.799
BNC2,431514,215.757
ELL,431093,215.5465
FKBP8,431235,215.6175
PPP2R3A,431107,215.5535
ABCC10,431826,215.913
PLAA,431200,215.6
CPA5,2000000,1000
CPA4,431487,215.7435
KIAA0513,430713,215.3565
CACNA1I,431681,215.8405
NPL,430572,215.286
PRC1,430749,215.3745
VPS33B,430459,215.2295
PPP1R16B,431389,215.6945
TACC2,431321,215.6605
BTN3A3,431222,215.611
C21orf91,2000000,1000
NPAS3,430659,215.3295
CHRNA5,430767,215.3835
SLC29A1,430562,215.281
CD46,430924,215.462
ANO2,2000000,1000
PRRG2,2000000,1000
HPSE,431830,215.915
OSBPL10,2000000,1000
ATP6V0D2,431541,215.7705
ACTR5,431167,215.5835
NXNL2,432144,216.072
TOP3B,431205,215.6025
SNX25,2000000,1000
YRDC,430764,215.382
C1orf122,2000000,1000
HCLS1,431154,215.577
ANKRD42,430802,215.401
PPM1F,430785,215.3925
DNAJC18,431277,215.6385
EIF2AK2,430752,215.376
GPM6A,430950,215.475
ZDHHC18,431515,215.7575
EXT1,430482,215.241
ZBTB16,430603,215.3015
MRRF,430481,215.2405
SYNJ1,430181,215.0905
SLC6A6,431749,215.8745
SEC11A,430877,215.4385
CCDC90B,431269,215.6345
ACTR8,430796,215.398
TSPAN2,431130,215.565
DPP4,431153,215.5765
MTF1,432117,216.0585
SGCZ,2000000,1000
FBXO40,431096,215.548
NT5DC2,431505,215.7525
WWOX,430172,215.086
PDIA3,430228,215.114
ELL3,2000000,1000
SEMA4F,431156,215.578
VPS45,2000000,1000
CARS2,431726,215.863
ING1,430853,215.4265
WDR88,430592,215.296
SIRPB1,431754,215.877
ERC1,430326,215.163
CCDC15,430718,215.359
GTF2A2,430677,215.3385
ELP3,430768,215.384
PITPNM2,2000000,1000
Sep-03,2000000,1000
PNLIPRP1,2000000,1000
TMEM56,2000000,1000
PHF21B,2000000,1000
ASNS,430651,215.3255
MKRN2,431461,215.7305
KIAA0319,431106,215.553
UBASH3B,430869,215.4345
DNAH1,430718,215.359
TMEM19,432137,216.0685
KIAA1324L,2000000,1000
STAB1,430857,215.4285
PHF3,430379,215.1895
STRC,2000000,1000
TRIM9,431005,215.5025
ISYNA1,431830,215.915
MAPK1,429823,214.9115
HERC6,431317,215.6585
GDE1,431713,215.8565
MAP9,430718,215.359
CTNND2,431013,215.5065
ATF1,430427,215.2135
PLCL1,431063,215.5315
ACE,430718,215.359
UNC13A,430676,215.338
GPR39,2000000,1000
TTC28,431213,215.6065
SCRIB,431253,215.6265
NDUFB9,431140,215.57
MTSS1,431769,215.8845
CHRNB4,430404,215.202
PTPN5,431803,215.9015
TBL1XR1,429970,214.985
LMAN2L,2000000,1000
SERINC4,2000000,1000
SERF2,2000000,1000
ZNF395,431760,215.88
FBXO16,2000000,1000
FMO2,431241,215.6205
ACVR2B,430846,215.423
EXOG,2000000,1000
RNF165,431418,215.709
SMOC2,432148,216.074
GALNT12,430718,215.359
GNAO1,430170,215.085
AMFR,431157,215.5785
GRM7,430491,215.2455
WBP2NL,2000000,1000
SEMA3G,431503,215.7515
LPP,431415,215.7075
NOL4,431756,215.878
SMARCA5,430056,215.028
GIP,430923,215.4615
MCC,430427,215.2135
STRN,431823,215.9115
SOSTDC1,2000000,1000
PSMA4,430356,215.178
DBH,431504,215.752
CCDC149,430718,215.359
UBAP2L,430794,215.397
HAX1,430996,215.498
IL17RB,432120,216.06
CLCN3,430884,215.442
L3MBTL4,430718,215.359
HIVEP2,430819,215.4095
EP300,429783,214.8915
ETV1,430598,215.299
NRBP2,2000000,1000
KCNJ13,431568,215.784
GABBR2,430465,215.2325
STX1A,430651,215.3255
MED30,430442,215.221
PAK6,430689,215.3445
MCM9,2000000,1000
INA,430815,215.4075
LRRK2,430469,215.2345
ARSG,431046,215.523
PBX3,431413,215.7065
COL4A2,430311,215.1555
TMEM63C,2000000,1000
NGB,430548,215.274
MFAP1,430626,215.313
WDR76,430588,215.294
RP1L1,432169,216.0845
AP3D1,431733,215.8665
ZNF276,2000000,1000
HNRNPAB,430407,215.2035
RBMXL2,430858,215.429
TCF12,430218,215.109
CD276,2000000,1000
MPHOSPH10,430708,215.354
XPNPEP3,430418,215.209
ZBBX,2000000,1000
CTNS,432244,216.122
NAGLU,431656,215.828
FAM114A2,430586,215.293
MFAP3,431178,215.589
PRKD1,430945,215.4725
MCM3AP,432028,216.014
MRPL48,430410,215.205
DKK2,431969,215.9845
SULT6B1,2000000,1000
FN3KRP,430718,215.359
NUP85,430458,215.229
ITPRIPL2,431574,215.787
SMARCAD1,430536,215.268
CEACAM16,432987,216.4935
DUSP7,430603,215.3015
LSM1,430531,215.2655
BAG4,430718,215.359
GAL,430530,215.265
CNDP1,430718,215.359
NAGA,430347,215.1735
DOK5,431367,215.6835
GFM2,430630,215.315
TMEM182,2000000,1000
PSMD6,430705,215.3525
MIDN,2000000,1000
NUCB2,431314,215.657
MPHOSPH9,430697,215.3485
C12orf65,430718,215.359
CHD5,431906,215.953
MCHR1,430521,215.2605
ZC3HC1,430358,215.179
DDX10,430104,215.052
SNAP91,430661,215.3305
EPB41L3,430162,215.081
DGKD,431443,215.7215
SMU1,431032,215.516
COL23A1,2000000,1000
SETD7,430985,215.4925
AMPH,430871,215.4355
CACNB2,430590,215.295
SMTNL2,430718,215.359
SORCS3,431503,215.7515
GOSR1,430635,215.3175
PRMT7,430999,215.4995
SMPD3,2000000,1000
PNPT1,430641,215.3205
EHBP1,430825,215.4125
TMC5,2000000,1000
MAPK6,430067,215.0335
PARP16,431969,215.9845
DCDC2,430709,215.3545
CDCA7L,431220,215.61
SEZ6L,431212,215.606
MBNL1,430123,215.0615
PRKG1,430227,215.1135
NDUFA12,431214,215.607
NOSTRIN,2000000,1000
LGR5,431425,215.7125
ZNF592,431003,215.5015
SRGAP1,2000000,1000
TMEM170B,2000000,1000
EIF5A2,430964,215.482
COL11A1,431112,215.556
PUF60,430631,215.3155
PREX2,431308,215.654
MRPS7,430851,215.4255
MIF4GD,2000000,1000
PSKH2,430857,215.4285
FOXF1,430827,215.4135
KLC1,430609,215.3045
TP53BP1,430447,215.2235
FREM1,2000000,1000
ZNF500,2000000,1000
SIPA1L1,431993,215.9965
SNF8,431235,215.6175
AMBRA1,432060,216.03
SCEL,430718,215.359
DNER,432148,216.074
SLC13A3,431145,215.5725
FRMD4A,431586,215.793
SUMF2,2000000,1000
PHKG1,431958,215.979
FBXW4,2000000,1000
FAR2,2000000,1000
JAM3,431230,215.615
LHFPL3,2000000,1000
RPA1,430317,215.1585
RBM18,2000000,1000
SHANK3,2000000,1000
ACR,430279,215.1395
SIAE,2000000,1000
SPA17,431234,215.617
SSBP3,430673,215.3365
BICD1,432112,216.056
TUBG1,430102,215.051
RABEP1,431108,215.554
GRIK1,430384,215.192
PELI2,431118,215.559
ELOVL6,431558,215.779
TXNRD1,430890,215.445
MGRN1,431291,215.6455
DONSON,431019,215.5095
GTF3A,430721,215.3605
NRF1,431135,215.5675
PCCB,431149,215.5745
NUDT21,430583,215.2915
LIFR,430997,215.4985
MSL2,430862,215.431
FCF1,430451,215.2255
PIM3,430915,215.4575
STYK1,430808,215.404
HIST1H1D,430692,215.346
HIST1H4F,430750,215.375
HIST1H4G,430993,215.4965
RBX1,430110,215.055
PDE4D,430629,215.3145
MKL1,431011,215.5055
CHD6,430892,215.446
CMTM4,2000000,1000
PTPRT,430964,215.482
PRDM15,431506,215.753
BANP,2000000,1000
MPP6,430670,215.335
EDEM1,431734,215.867
HSPD1,429997,214.9985
HSPE1,430479,215.2395
TUSC3,431583,215.7915
IGF2BP3,430628,215.314
STK24,430568,215.284
ADAM12,431590,215.795
LSS,431935,215.9675
FCER1A,2000000,1000
XRCC3,430330,215.165
NOP56,430301,215.1505
IDH3B,431050,215.525
PTPDC1,431230,215.615
MPPED2,2000000,1000
GNG4,430239,215.1195
SF3B1,430217,215.1085
HEXB,431782,215.891
SLC1A1,430461,215.2305
DDAH1,2000000,1000
ABHD2,2000000,1000
F11R,431321,215.6605
USF1,430536,215.268
ARHGAP30,431533,215.7665
ST3GAL1,2000000,1000
SSBP4,2000000,1000
OTUB2,430572,215.286
SIRPD,2000000,1000
LPAR2,430516,215.258
GMIP,432060,216.03
WNK2,2000000,1000
SLC26A3,432138,216.069
C9orf72,430718,215.359
EMCN,2000000,1000
GABRB1,431327,215.6635
STRA8,2000000,1000
TEP1,431297,215.6485
PTPRR,431018,215.509
UPK1B,431918,215.959
CYP4B1,431452,215.726
COQ10B,2000000,1000
DENND1A,431050,215.525
C16orf71,431672,215.836
NUBPL,431570,215.785
EDN2,430555,215.2775
OGFOD1,431109,215.5545
ZNF804B,2000000,1000
RBBP5,430555,215.2775
FANCA,430987,215.4935
CRYZ,430938,215.469
EFHD1,431516,215.758
DEFB134,2000000,1000
FAM49B,431214,215.607
SLC37A1,432240,216.12
ARC,430474,215.237
ELMOD1,2000000,1000
TNNC2,431958,215.979
SNX21,430718,215.359
DDC,430414,215.207
ZNF563,431705,215.8525
DNAJA1,430468,215.234
IL1RL1,430464,215.232
ARRB1,430123,215.0615
CHCHD3,430453,215.2265
TKT,430867,215.4335
POLL,430603,215.3015
CDK2AP1,431559,215.7795
ZNF214,431015,215.5075
C16orf90,2000000,1000
CLUAP1,430699,215.3495
EBNA1BP2,430451,215.2255
PKN1,430413,215.2065
PTGER1,430539,215.2695
GIPC1,431119,215.5595
SMC5,430698,215.349
SLC45A1,2000000,1000
SNX29,431574,215.787
ANKRD44,431190,215.595
KLHDC7A,432209,216.1045
BHLHE22,431586,215.793
OR6Y1,2000000,1000
SLC33A1,430542,215.271
DDX50,430539,215.2695
BEST3,2000000,1000
ESRRG,430710,215.355
SYT13,431155,215.5775
PITPNC1,431914,215.957
SYT7,431681,215.8405
MLX,430623,215.3115
PSMC3IP,430638,215.319
BARX2,431297,215.6485
ACOT8,2000000,1000
BTRC,430608,215.304
GEM,430967,215.4835
SLC8A3,430718,215.359
IQCB1,430688,215.344
PRDM16,431686,215.843
UBE2Z,431232,215.616
DOK6,2000000,1000
DDHD2,430491,215.2455
RORA,431111,215.5555
NOS1,430280,215.14
ZNF778,431691,215.8455
MAP3K9,430527,215.2635
PROKR2,430677,215.3385
KLHDC10,430922,215.461
CDK5RAP3,2000000,1000
TMEM135,431352,215.676
ACYP2,2000000,1000
POMT2,2000000,1000
MAML2,2000000,1000
SMAP2,431988,215.994
COLEC11,431568,215.784
VPS13C,430871,215.4355
NR3C2,430588,215.294
SLC19A2,2000000,1000
VAV1,430623,215.3115
RALBP1,431130,215.565
ELMO1,432011,216.0055
CNTN6,2000000,1000
SOX11,431503,215.7515
PLXDC1,2000000,1000
TRA2B,430581,215.2905
TRPM3,431123,215.5615
SGCG,430718,215.359
EBPL,2000000,1000
PTPRD,431106,215.553
SCML4,2000000,1000
EEF1A2,430540,215.27
RPS17,430657,215.3285
PTPRZ1,430381,215.1905
MTIF3,431570,215.785
GPC5,431562,215.781
NUP88,430657,215.3285
ELAVL4,430333,215.1665
MEGF6,2000000,1000
CNIH3,2000000,1000
FAM20A,432011,216.0055
DGKB,431324,215.662
ZCCHC7,431938,215.969
UBTD2,2000000,1000
GREM1,430607,215.3035
CCBE1,2000000,1000
CRLF3,430693,215.3465
GDPD5,2000000,1000
DTNBP1,431586,215.793
GSTZ1,431262,215.631
ASB5,431418,215.709
RFTN2,2000000,1000
BEST1,432011,216.0055
PHF2,431205,215.6025
ANKS1B,430362,215.181
SDR9C7,2000000,1000
ST18,431093,215.5465
DGKZ,431144,215.572
MDK,431056,215.528
HDAC9,430179,215.0895
NKAIN3,2000000,1000
FRMD5,431321,215.6605
EIF2AK4,431343,215.6715
IFNK,2000000,1000
ITGBL1,431447,215.7235
KIF18A,430120,215.06
ZNF407,2000000,1000
NMT2,430684,215.342
SFN,430850,215.425
NKX6-3,2000000,1000
ANK1,430873,215.4365
COL21A1,2000000,1000
SLC6A1,430940,215.47
ZMAT4,430548,215.274
VTI1A,431830,215.915
TUBGCP4,431183,215.5915
NTNG2,431987,215.9935
NEK1,430616,215.308
ACYP1,430292,215.146
KIAA1958,2000000,1000
ADAL,431819,215.9095
ZNF670,2000000,1000
RANGAP1,430419,215.2095
CDH2,430241,215.1205
ECT2,430681,215.3405
FOXA2,431604,215.802
RPL36AL,430706,215.353
MGAT2,431756,215.878
OAZ1,431583,215.7915
LINGO3,2000000,1000
CLEC18B,2000000,1000
UBXN7,430151,215.0755
PPP2R2B,430484,215.242
ZDHHC20,431948,215.974
KLRC1,2000000,1000
ARHGAP18,2000000,1000
PARVB,431212,215.606
IQCE,431080,215.54
SLC5A7,430356,215.178
CYP2C18,431095,215.5475
CA10,431374,215.687
HINT1,430984,215.492
LYRM7,430675,215.3375
GRIN3A,431432,215.716
SLC12A5,431112,215.556
NPEPL1,2000000,1000
ZSCAN29,431489,215.7445
TSHR,431802,215.901
KALRN,430171,215.0855
MATR3,430442,215.221
PAIP2,430546,215.273
SACS,430809,215.4045
C17orf98,2000000,1000
KLRK1,431834,215.917
PDE3A,431048,215.524
RNF2,430064,215.032
SNAP23,431169,215.5845
KCTD21,2000000,1000
SIPA1L2,431513,215.7565
CPA1,2000000,1000
ITGB4,431152,215.576
GALK1,430704,215.352
GPRC5D,431311,215.6555
FAM183A,2000000,1000
PARN,431174,215.587
SLCO3A1,2000000,1000
ANKRD26,430921,215.4605
IL17A,431113,215.5565
GRK5,430384,215.192
ELOVL3,2000000,1000
PITX3,431147,215.5735
GALNTL6,2000000,1000
NPR2,431141,215.5705
SPAG8,431463,215.7315
HINT2,430595,215.2975
FOXK1,431458,215.729
SRP54,430581,215.2905
GPN1,431232,215.616
HARBI1,2000000,1000
GNRHR,430343,215.1715
EXOC2,431162,215.581
HUS1B,2000000,1000
TASP1,430718,215.359
CHST11,431803,215.9015
RPS6KA1,430665,215.3325
SYT16,431615,215.8075
PCSK6,2000000,1000
FOXN3,430696,215.348
ASTN1,431567,215.7835
ZNF385D,2000000,1000
ABCC8,430843,215.4215
DPP6,430793,215.3965
ABCF2,430766,215.383
BPI,431511,215.7555
ARMC1,430158,215.079
TRDN,2000000,1000
RGS10,430538,215.269
TNIP1,431109,215.5545
MLKL,430808,215.404
PRKCQ,430711,215.3555
C6,430934,215.467
RANBP3L,2000000,1000
RPL37A,430200,215.1
LRRC2,2000000,1000
TDGF1,2000000,1000
CKLF,431225,215.6125
CMTM1,2000000,1000
CMTM2,430688,215.344
CD58,430628,215.314
NDRG2,432002,216.001
TPPP2,432240,216.12
RNASE13,2000000,1000
RNASE7,432097,216.0485
LRRC57,2000000,1000
CAB39L,2000000,1000
CTNNA2,430976,215.488
TM4SF19,2000000,1000
NLGN1,431403,215.7015
AGBL5,1998003,999.0015
LCMT2,2000000,1000
GRM1,430431,215.2155
SLC9A3,431084,215.542
SUPT7L,430902,215.451
ZFYVE28,2000000,1000
GLB1L2,2000000,1000
B3GAT1,431312,215.656
C11orf24,431495,215.7475
FBXL17,431822,215.911
ATXN7,430748,215.374
FBXO31,431339,215.6695
DUSP13,431181,215.5905
SAMD8,2000000,1000
NCOR2,430348,215.174
LAPTM5,430567,215.2835
MFN2,432028,216.014
CABP2,431658,215.829
TPP2,431036,215.518
SULT1C4,2000000,1000
SLC2A2,430189,215.0945
IREB2,430369,215.1845
SMG6,431574,215.787
ZNF622,430454,215.227
NAT2,430457,215.2285
SMOC1,431521,215.7605
SLCO1C1,431160,215.58
MAMDC2,2000000,1000
SVOP,2000000,1000
SPTY2D1,2000000,1000
USP10,430498,215.249
H3F3B,430587,215.2935
UNK,431585,215.7925
FGFR1,430080,215.04
SMAD3,430376,215.188
PTGIS,430456,215.228
NLRP14,2000000,1000
PIPOX,431327,215.6635
CTGF,430364,215.182
GNA13,430607,215.3035
CDK3,430131,215.0655
EVPL,430743,215.3715
RPGRIP1L,431357,215.6785
EAF2,2000000,1000
ZDHHC22,431842,215.921
ZDHHC19,431790,215.895
DSPP,430547,215.2735
PTPRG,430584,215.292
STX16,431046,215.523
TMTC1,2000000,1000
CYP4F3,431378,215.689
CYP4F12,431452,215.726
TBCD,430607,215.3035
TSHZ2,2000000,1000
PRDM11,2000000,1000
BIK,430692,215.346
OR10R2,2000000,1000
B4GALNT2,2000000,1000
UFM1,430663,215.3315
NDUFC2,431266,215.633
ISOC1,430894,215.447
CD14,431117,215.5585
TMCO6,432145,216.0725
NDUFA2,430481,215.2405
MBD1,430332,215.166
CXXC1,430926,215.463
TC2N,431932,215.966
CHRM4,430513,215.2565
KLRC4,2000000,1000
NSUN2,430739,215.3695
PLEKHA7,431268,215.634
CADPS,2000000,1000
FOXF2,430619,215.3095
PITPNM3,430936,215.468
OTOG,2000000,1000
NXPH1,2000000,1000
TSPAN15,2000000,1000
AIG1,430617,215.3085
ARMC7,430489,215.2445
NT5C,431457,215.7285
SLC23A1,431462,215.731
PPFIA4,431681,215.8405
MYOG,430876,215.438
USH1C,431493,215.7465
CSMD2,2000000,1000
SETD1A,431011,215.5055
CHRNA2,430823,215.4115
TIAM1,430885,215.4425
BDH1,430718,215.359
TMEM125,2000000,1000
C1orf210,2000000,1000
CCDC148,2000000,1000
CLEC17A,2000000,1000
GPN2,430718,215.359
Sep-10,430895,215.4475
ARID1A,430542,215.271
RAB4A,430385,215.1925
CYP19A1,431003,215.5015
COL4A1,430514,215.257
CD207,2000000,1000
CRLF1,431503,215.7515
TMEM59L,431416,215.708
RPS6KL1,2000000,1000
DERA,431830,215.915
ST6GALNAC3,2000000,1000
CDH15,431294,215.647
SLC10A4,2000000,1000
ZAR1,2000000,1000
GPA33,431256,215.628
PAQR5,2000000,1000
DNMT3B,430495,215.2475
MAPRE1,430188,215.094
FUT2,2000000,1000
RASIP1,2000000,1000
ADAMTSL3,431191,215.5955
POLE2,430476,215.238
TTLL1,2000000,1000
CHST12,431088,215.544
OLFM3,430571,215.2855
NRCAM,430535,215.2675
SYNPR,431435,215.7175
DCP1A,2000000,1000
CPNE7,432030,216.015
UBE4A,431418,215.709
ZDHHC4,431600,215.8
C7orf26,431905,215.9525
HECW1,430877,215.4385
ACVR1,430075,215.0375
NEGR1,2000000,1000
ABHD1,2000000,1000
TUBG2,432263,216.1315
PLEKHH3,2000000,1000
NUMB,430199,215.0995
ENOX1,2000000,1000
EMB,2000000,1000
ATAD2B,430692,215.346
TRIM29,431084,215.542
TEK,430118,215.059
KL,430488,215.244
GPHB5,2000000,1000
DNAJB1,430218,215.109
NRAS,430275,215.1375
CSDE1,431107,215.5535
STXBP4,2000000,1000
OR2F1,431541,215.7705
SIPA1L3,431179,215.5895
UNC45B,432145,216.0725
KRTAP4-3,2000000,1000
KRTAP4-2,2000000,1000
KRTAP4-1,2000000,1000
NDUFA6,431076,215.538
ZC3H10,2000000,1000
FMO1,431078,215.539
LMBRD1,431763,215.8815
LTF,430633,215.3165
ZBTB7C,431253,215.6265
UBR5,429920,214.96
VANGL1,430589,215.2945
UCK2,430746,215.373
KCTD13,2000000,1000
COX11,430931,215.4655
ZNF765,2000000,1000
EPB41,430679,215.3395
SUCLG2,430648,215.324
NDUFB7,431429,215.7145
SCARB2,430397,215.1985
NCAPD3,430595,215.2975
GTF2H1,430396,215.198
BIN1,430508,215.254
KIF23,430427,215.2135
RPLP1,430673,215.3365
MSGN1,431586,215.793
TP53RK,2000000,1000
OSCAR,2000000,1000
NDUFA3,432196,216.098
TFPT,430718,215.359
PRPF31,430471,215.2355
LASP1,431469,215.7345
TIMP2,430452,215.226
NR0B2,431013,215.5065
NUDC,430491,215.2455
REV3L,430457,215.2285
TSEN2,430930,215.465
GRIP1,430874,215.437
TOP1,429884,214.942
OR56A4,2000000,1000
CALCOCO2,430935,215.4675
ABCG5,431545,215.7725
ABCG8,430493,215.2465
GRK4,430939,215.4695
CDCP1,431848,215.924
MYLK3,431389,215.6945
OR5J2,2000000,1000
NRG3,431435,215.7175
CEP192,431320,215.66
PLD3,430682,215.341
HIPK4,430960,215.48
SEMA4A,431300,215.65
PLXNA4,2000000,1000
FBLN5,432011,216.0055
EPHX1,431419,215.7095
TMEM63A,2000000,1000
NDUFAF2,431329,215.6645
GPHN,431270,215.635
QTRT1,430464,215.232
TFCP2,430982,215.491
POU6F1,431431,215.7155
KCTD16,2000000,1000
TCTEX1D2,432135,216.0675
GRIP2,2000000,1000
CUEDC2,431537,215.7685
SCG5,430595,215.2975
PITX1,2000000,1000
CHIT1,2000000,1000
LIPA,430572,215.286
IFIT2,431537,215.7685
PATE2,2000000,1000
THAP2,2000000,1000
DAB1,430363,215.1815
MYO16,431017,215.5085
EML5,431733,215.8665
FBXW9,430603,215.3015
TNPO2,432007,216.0035
GTF2A1,430841,215.4205
MARCO,432386,216.193
PPP1R14D,431505,215.7525
XKR4,431435,215.7175
CTBP2,430462,215.231
IL17F,2000000,1000
ZNF692,432004,216.002
ARL6IP4,430848,215.424
POU6F2,430923,215.4615
TMEM108,2000000,1000
GPATCH3,2000000,1000
URB1,431392,215.696
NPY2R,430367,215.1835
STK10,431541,215.7705
DLG1,430484,215.242
LRRN2,431337,215.6685
MYO5B,431586,215.793
ROBO3,430692,215.346
GPR75,431435,215.7175
PSME4,430578,215.289
GALP,2000000,1000
ZSCAN5B,2000000,1000
OGFOD2,431479,215.7395
CYP2R1,431766,215.883
ZFYVE21,2000000,1000
PPP1R13B,430834,215.417
CBFA2T3,431586,215.793
LRRC18,2000000,1000
XYLT2,431803,215.9015
MRPL27,430633,215.3165
STOX1,2000000,1000
RGS18,430718,215.359
MAP1A,430694,215.347
SHCBP1,430838,215.419
MON1A,2000000,1000
RBM6,431483,215.7415
SLC25A41,431213,215.6065
XKR6,2000000,1000
OR10J5,2000000,1000
PTK2,430255,215.1275
RAB31,430422,215.211
DNM1,430452,215.226
DAPK2,430376,215.188
RPL13A,430728,215.364
RIC3,2000000,1000
ZNF672,2000000,1000
KCTD8,2000000,1000
MPPED1,431135,215.5675
ITGAL,430974,215.487
C3orf49,2000000,1000
THOC7,430558,215.279
AFTPH,432028,216.014
ZNF512,430879,215.4395
CCDC121,2000000,1000
SPTLC3,2000000,1000
OSR1,431932,215.966
CNTN3,430718,215.359
SLC14A2,431453,215.7265
POU1F1,2000000,1000
NUF2,430642,215.321
EPHB2,430652,215.326
GALNT13,432148,216.074
IFIT3,430565,215.2825
HTR3C,431757,215.8785
CXCL17,2000000,1000
LETM2,430718,215.359
ERBB4,430393,215.1965
SLIT2,431170,215.585
ASXL2,430538,215.269
SLC2A10,431559,215.7795
RP1,2000000,1000
TPTE,2000000,1000
STARD10,430718,215.359
SLC4A1AP,430178,215.089
SORL1,430423,215.2115
MCM10,430210,215.105
KCNA5,430765,215.3825
PGPEP1,431271,215.6355
SLC5A12,431436,215.718
MAML3,430718,215.359
VPS35,430328,215.164
P2RX5,2000000,1000
KCNIP4,430623,215.3115
PGR,430284,215.142
OR2F2,431906,215.953
ACAA2,430628,215.314
APTX,430848,215.424
ARHGEF4,431435,215.7175
FAM168B,2000000,1000
DNAH11,2000000,1000
PCDH17,2000000,1000
COPZ2,431759,215.8795
NFE2L1,431230,215.615
COL9A1,431170,215.585
CDYL2,2000000,1000
PARP4,430713,215.3565
PXDN,431436,215.718
KIAA2026,431543,215.7715
AHSA1,430146,215.073
ISM2,2000000,1000
DENND4B,431974,215.987
CRTC2,430889,215.4445
TMED4,2000000,1000
ZNF679,431705,215.8525
COL16A1,431269,215.6345
ZDHHC3,431600,215.8
TBC1D22B,431406,215.703
ZSWIM6,431830,215.915
EXOC3,430576,215.288
CUL2,430330,215.165
SPDEF,431037,215.5185
COMMD7,2000000,1000
STAC3,431935,215.9675
ERGIC1,2000000,1000
RPL26L1,430578,215.289
NLGN2,2000000,1000
SPEM1,432240,216.12
TMEM102,2000000,1000
TNS3,430712,215.356
PRTFDC1,2000000,1000
CST8,431337,215.6685
ADCY1,430220,215.11
HS3ST5,2000000,1000
CDH10,431008,215.504
ENGASE,432028,216.014
ADAM11,431491,215.7455
PIK3C2G,430931,215.4655
TARBP1,431451,215.7255
SOX9,431103,215.5515
C9orf129,2000000,1000
TSHZ1,431932,215.966
RHCG,2000000,1000
COL8A1,2000000,1000
SLC22A7,431284,215.642
CRIP3,2000000,1000
RAB27A,430524,215.262
EIF4A2,430335,215.1675
RFC4,430307,215.1535
ADAM18,431053,215.5265
DISP1,2000000,1000
TOM1L1,2000000,1000
TRIM71,431177,215.5885
PCCA,432580,216.29
JPH3,2000000,1000
ST14,2000000,1000
ZNF7,431705,215.8525
FURIN,430390,215.195
FES,430677,215.3385
DCHS1,431233,215.6165
HS3ST3B1,2000000,1000
SDK1,2000000,1000
PFKFB3,431293,215.6465
LINGO1,430613,215.3065
RBMS3,430344,215.172
PLCXD3,431533,215.7665
RASL10B,430718,215.359
GAS2L2,2000000,1000
SLN,431480,215.74
ZNF429,431705,215.8525
MAEL,432133,216.0665
FCHSD2,430927,215.4635
CEBPZ,430370,215.185
GRID1,431435,215.7175
ALMS1,431124,215.562
HIST1H3E,430751,215.3755
DNAJC17,430768,215.384
ZFYVE19,2000000,1000
PACRGL,2000000,1000
ERI1,431574,215.787
ZCCHC2,2000000,1000
MYOT,430718,215.359
PKD2L2,2000000,1000
SAG,431234,215.617
NAALADL2,430692,215.346
Dec-01,431555,215.7775
MTFR1,431093,215.5465
PDE7A,431819,215.9095
TUB,431157,215.5785
ISOC2,430699,215.3495
CYP39A1,431321,215.6605
CREB3L4,431197,215.5985
JTB,430532,215.266
RAB13,431217,215.6085
RPS27,430910,215.455
THAP5,2000000,1000
TMEM219,2000000,1000
TAOK2,432137,216.0685
SPC25,431035,215.5175
FZD4,430686,215.343
HIRIP3,430352,215.176
STXBP5L,431422,215.711
CLIP1,431249,215.6245
NR4A1,430353,215.1765
SLC44A2,2000000,1000
HPGD,430493,215.2465
LIMK2,430870,215.435
CHCHD6,430718,215.359
ACTR1A,430608,215.304
ZNF738,2000000,1000
PHACTR1,2000000,1000
MYH11,430125,215.0625
DNAJB9,430453,215.2265
ST13,430393,215.1965
KCNJ11,431826,215.913
PLEKHJ1,430592,215.296
SF3A2,430742,215.371
FBXL15,431298,215.649
SLC39A1,431555,215.7775
SLC25A17,431334,215.667
MMEL1,2000000,1000
SBNO2,432060,216.03
XYLT1,431033,215.5165
YIPF5,431050,215.525
ZC3H14,430748,215.374
SEMA3C,430593,215.2965
CXCR4,430312,215.156
TAOK3,430922,215.461
SUDS3,430838,215.419
MAPT,430260,215.13
TRAPPC9,430718,215.359
ASPHD1,2000000,1000
CNTN2,430542,215.271
TMEM81,2000000,1000
MORC2,431546,215.773
AATF,430814,215.407
SMARCAL1,431306,215.653
BAG5,430953,215.4765
PIGN,431139,215.5695
FARP2,431988,215.994
STK25,430528,215.264
LIPG,431935,215.9675
TNC,430530,215.265
ALG8,430703,215.3515
FAM107B,2000000,1000
CBX6,430119,215.0595
ZFYVE1,430498,215.249
C2orf69,431574,215.787
HK3,431349,215.6745
BOLL,431302,215.651
CPEB3,431477,215.7385
HSPA12B,431277,215.6385
SLC16A10,431587,215.7935
LSAMP,431604,215.802
NDRG4,2000000,1000
SETD6,2000000,1000
TACR2,430555,215.2775
HIST1H3G,430735,215.3675
HIST1H2BI,430665,215.3325
COL25A1,430718,215.359
SNX14,431537,215.7685
ST8SIA1,2000000,1000
Mar-01,431298,215.649
RFX7,431705,215.8525
IQCK,2000000,1000
MLH3,431204,215.602
CPLX3,2000000,1000
ULK3,431052,215.526
SCAMP2,431509,215.7545
STRBP,2000000,1000
SMYD4,2000000,1000
TEKT5,2000000,1000
MAPK9,430112,215.056
SLC12A6,430866,215.433
PPM1A,430402,215.201
UNC5C,430835,215.4175
DOCK10,432051,216.0255
DEFB125,2000000,1000
EVC,431993,215.9965
VRK3,430920,215.46
FNDC3B,431011,215.5055
PTMA,430708,215.354
POU2F1,430419,215.2095
SHMT1,430437,215.2185
SMTN,431415,215.7075
TNPO3,430914,215.457
TTC16,432145,216.0725
TOR2A,2000000,1000
MRPS15,431035,215.5175
CSF3R,430677,215.3385
OTOF,431056,215.528
ABCC5,431384,215.692
MYO1E,430938,215.469
CNTNAP2,431472,215.736
CEP170,430285,215.1425
HEATR4,2000000,1000
HECW2,430837,215.4185
HCN1,2000000,1000
ZNF235,431465,215.7325
FSCN2,2000000,1000
CHRNA1,431821,215.9105
PITPNB,430695,215.3475
EIF4E1B,431570,215.785
TSPAN17,2000000,1000
CSMD1,2000000,1000
CNOT6,430492,215.246
MPP7,430804,215.402
INO80E,2000000,1000
SPAG17,2000000,1000
CNTD1,431807,215.9035
BECN1,430603,215.3015
ZFP14,431096,215.548
OR10J1,431635,215.8175
MYL10,430607,215.3035
DLGAP1,431083,215.5415
CADM1,431278,215.639
VAPA,430347,215.1735
SYNE2,430487,215.2435
ESR2,429905,214.9525
FAM149A,2000000,1000
TMEM200B,2000000,1000
CYP2D6,430365,215.1825
CKAP5,430409,215.2045
MRPS11,430834,215.417
C1orf87,430718,215.359
ETV6,430689,215.3445
PTN,430560,215.28
CDKL4,430911,215.4555
POLG2,432076,216.038
DDX5,430362,215.181
CARS,430468,215.234
VPS13A,430995,215.4975
TNKS,430946,215.473
ZFAND3,2000000,1000
EVI5,431203,215.6015
BLNK,2000000,1000
GRIN2B,430737,215.3685
PGLYRP3,2000000,1000
RILPL2,2000000,1000
DDX56,430663,215.3315
CHCHD2,430949,215.4745
TULP1,432030,216.015
SYCE2,431531,215.7655
FARSA,430797,215.3985
MEPE,430747,215.3735
OSBP2,431225,215.6125
JPH2,431415,215.7075
SOD3,430496,215.248
MMP12,430330,215.165
CTDP1,430973,215.4865
UBTD1,431418,215.709
SLC24A2,430768,215.384
LDLRAD3,2000000,1000
GBGT1,2000000,1000
H6PD,431412,215.706
PCGF6,431989,215.9945
C1orf94,2000000,1000
ADAMTS5,431365,215.6825
LMX1A,431413,215.7065
MAP1S,430892,215.446
ZNF318,431044,215.522
NOS3,430448,215.224
ATG9B,2000000,1000
BCL2L14,430786,215.393
LRP6,430801,215.4005
CLTA,430690,215.345
JAK1,430458,215.229
CBLN1,431503,215.7515
ZNF44,431705,215.8525
EXOSC9,430485,215.2425
MEGF11,2000000,1000
PTHLH,431912,215.956
LY6K,2000000,1000
PDE6H,430629,215.3145
ANP32B,430165,215.0825
RNF168,430882,215.441
EMP2,2000000,1000
CDYL,430892,215.446
FYCO1,430712,215.356
IZUMO1,432240,216.12
FUT1,431656,215.828
FGF21,430998,215.499
HHAT,2000000,1000
SSH2,431137,215.5685
FAM178B,2000000,1000
CAD,430290,215.145
C7orf50,430529,215.2645
PYHIN1,430898,215.449
STAC,430636,215.318
AIFM3,430579,215.2895
RYR3,431104,215.552
TSHZ3,431777,215.8885
XPOT,430528,215.264
ZP4,2000000,1000
TCF20,2000000,1000
GRIK3,430865,215.4325
FSTL5,432148,216.074
FAM92B,2000000,1000
UTRN,430889,215.4445
LEMD1,432240,216.12
FGF14,430818,215.409
PLCL2,431681,215.8405
TRAF3IP2,431415,215.7075
SUSD4,431969,215.9845
THEG,431110,215.555
PLEKHG1,2000000,1000
KCNIP3,431785,215.8925
SSH3,430530,215.265
DOC2A,431918,215.959
DDB2,430847,215.4235
MDM4,430217,215.1085
KCNG2,2000000,1000
ZNF8,431546,215.773
SNTG2,431309,215.6545
ADAMTS12,431365,215.6825
TTC8,432145,216.0725
FAM69A,2000000,1000
MMP11,431250,215.625
SMARCB1,430094,215.047
CACNA1E,430960,215.48
PXN,430631,215.3155
RGS7,431276,215.638
AKR1B1,430493,215.2465
TNFSF10,430185,215.0925
ARHGAP15,430407,215.2035
IFT74,431274,215.637
HTRA3,431756,215.878
KRTAP5-2,2000000,1000
KRTAP5-3,2000000,1000
SRD5A1,431398,215.699
C16orf87,2000000,1000
NEDD4,430803,215.4015
MGAT4C,431294,215.647
GRB10,430674,215.337
FLT3LG,431925,215.9625
FOXI1,430329,215.1645
THSD7B,2000000,1000
GMDS,431589,215.7945
TBC1D23,431632,215.816
NIT2,431230,215.615
WNT16,431173,215.5865
LNX2,431362,215.681
POLR1D,430632,215.316
DNAJA4,430820,215.41
WDR61,430585,215.2925
ACSL1,430686,215.343
OR2G2,2000000,1000
VAT1L,430718,215.359
ARHGAP21,431932,215.966
AKAP1,430397,215.1985
COG7,2000000,1000
TRMT6,431130,215.565
DLC1,432148,216.074
TMEFF2,432148,216.074
NXPH2,431969,215.9845
AREG,430562,215.281
ANKS3,431190,215.595
KCNK12,2000000,1000
ADD1,431321,215.6605
CPVL,431070,215.535
KLHL38,431586,215.793
ZNF343,430621,215.3105
KLF1,431328,215.664
GCDH,431192,215.596
SEH1L,430419,215.2095
CD300E,2000000,1000
OR6X1,2000000,1000
GATAD2B,430822,215.411
UBE2O,431050,215.525
SBNO1,2000000,1000
PPFIA2,430568,215.284
S100B,430490,215.245
RUFY4,2000000,1000
DIDO1,430196,215.098
SLC25A12,431280,215.64
BSN,431020,215.51
RNGTT,430654,215.327
SCD5,431186,215.593
CLPTM1,430630,215.315
KIF6,2000000,1000
BAZ2B,430278,215.139
ZNF761,2000000,1000
AKAP6,430865,215.4325
CD109,2000000,1000
ABCA4,431699,215.8495
GLRB,430605,215.3025
FIG4,431130,215.565
SYT2,430478,215.239
TFB2M,430943,215.4715
PLEKHM1,2000000,1000
DNAJC8,430245,215.1225
PRKCH,430769,215.3845
MMS19,431278,215.639
SCARA5,432386,216.193
PSMD12,430659,215.3295
TFDP2,430845,215.4225
PSCA,2000000,1000
SAMM50,431148,215.574
FAM155A,431685,215.8425
TBX5,431256,215.628
KIAA0319L,431988,215.994
NCDN,2000000,1000
TFAP2E,2000000,1000
KIF27,432112,216.056
GABRR2,430834,215.417
FLYWCH1,2000000,1000
KREMEN2,431969,215.9845
PAQR4,431914,215.957
OSM,430718,215.359
ZNF197,431585,215.7925
ZNF35,430443,215.2215
HSPA12A,431091,215.5455
CPT2,2000000,1000
C1orf123,431863,215.9315
CPA2,430677,215.3385
SEMA5A,431288,215.644
PACRG,430413,215.2065
UHRF1,430662,215.331
SND1,430361,215.1805
NSMCE4A,430896,215.448
AGBL4,1998003,999.0015
BEND5,430718,215.359
KCNT2,431826,215.913
NR2C2,431093,215.5465
ANGPT4,2000000,1000
BCL2,430256,215.128
MMP3,431193,215.5965
ENO1,430022,215.011
TAS2R41,430555,215.2775
GPRC5A,431932,215.966
TTC39B,2000000,1000
FCGRT,431296,215.648
RCN3,430592,215.296
ADIPOQ,430246,215.123
PRDM13,431253,215.6265
LTBP2,430412,215.206
SMARCD3,430573,215.2865
DNTT,431191,215.5955
UBE2D3,430479,215.2395
CISD2,430591,215.2955
ZNRF4,430911,215.4555
PDCD1LG2,431306,215.653
YLPM1,431086,215.543
MAN2A1,431289,215.6445
GUCY2D,431709,215.8545
ISL1,430401,215.2005
PLCG1,430715,215.3575
DAGLA,431533,215.7665
FOXO3,430212,215.106
SDCBP2,2000000,1000
FKBP1A,430658,215.329
CNOT1,430243,215.1215
PKMYT1,430638,215.319
PIK3C2B,430931,215.4655
OR10Z1,2000000,1000
TMEM132C,2000000,1000
RDH10,431547,215.7735
OR6M1,2000000,1000
PRDM5,430859,215.4295
SLC39A8,431054,215.527
USP15,430776,215.388
KIF25,432091,216.0455
GLCE,430997,215.4985
ACADL,430713,215.3565
WFDC3,432240,216.12
DNTTIP1,431288,215.644
DDX1,430140,215.07
TK2,431830,215.915
SPINK4,432148,216.074
MYO3A,430870,215.435
PHACTR2,2000000,1000
CFD,431717,215.8585
MED16,430204,215.102
SH3BP5L,2000000,1000
SPAG6,430578,215.289
RPL22L1,430968,215.484
ZNF493,2000000,1000
SCNN1D,2000000,1000
ACAP3,2000000,1000
SAMD13,432098,216.049
LIG1,430822,215.411
OLFM2,2000000,1000
C16orf45,431603,215.8015
ZMPSTE24,430583,215.2915
PRKCE,430048,215.024
STARD5,2000000,1000
TMC3,2000000,1000
CHKA,430423,215.2115
SNRPB2,430712,215.356
OTOR,431906,215.953
KRTCAP2,430586,215.293
TRIM46,430660,215.33
MUC1,431282,215.641
RET,429905,214.9525
KCNQ4,2000000,1000
ATXN1,430077,215.0385
WDSUB1,432098,216.049
OSBP,431082,215.541
C2orf16,2000000,1000
AMIGO2,2000000,1000
KLF3,431321,215.6605
FAT4,431035,215.5175
TMCO2,432133,216.0665
STEAP3,431830,215.915
ACSF3,2000000,1000
LARP4,430219,215.1095
DYNC1I2,430579,215.2895
NOC3L,430556,215.278
TGFBR3,431100,215.55
GGA2,430680,215.34
MCM8,430956,215.478
POP1,431318,215.659
NFIX,432096,216.048
HOMER2,430695,215.3475
ALDOA,430424,215.212
PPP4C,430505,215.2525
TBX6,431588,215.794
RTF1,430190,215.095
CDH17,431124,215.562
GIT1,431538,215.769
C12orf73,2000000,1000
TDG,430418,215.209
ATRNL1,2000000,1000
THSD7A,431312,215.656
C11orf49,432169,216.0845
SCAMP4,431988,215.994
ADAT3,431841,215.9205
SLC4A9,431698,215.849
PDE7B,431092,215.546
FAM78B,2000000,1000
KIRREL3,2000000,1000
EYA4,430772,215.386
FAM98A,431413,215.7065
SLC41A2,2000000,1000
SMURF1,430289,215.1445
IL19,431749,215.8745
C6orf62,430554,215.277
GALNT5,2000000,1000
CNTN5,2000000,1000
MAGOHB,430587,215.2935
TRPV5,2000000,1000
NAV2,2000000,1000
HARS2,432016,216.008
ZMAT2,431168,215.584
NFATC3,431107,215.5535
RBBP9,2000000,1000
IQSEC1,432060,216.03
TBX19,2000000,1000
CLEC4F,2000000,1000
KEL,2000000,1000
IFNA8,430582,215.291
TSPAN13,430718,215.359
MYO10,431584,215.792
PDIA5,431070,215.535
KCTD18,430718,215.359
ZNF420,431074,215.537
NRSN1,2000000,1000
WDR27,432060,216.03
PRKCA,429945,214.9725
ZNF233,431705,215.8525
RSPO3,2000000,1000
P2RY13,430594,215.297
P2RY12,430594,215.297
ANKRD24,431818,215.909
APOC4,431139,215.5695
COMTD1,2000000,1000
PCP4L1,2000000,1000
KRTAP10-9,432096,216.048
LLGL1,2000000,1000
FLII,430630,215.315
SLC7A6,431714,215.857
SLC7A6OS,431592,215.796
PKD1L2,431179,215.5895
ZNF397,431156,215.578
CALCR,432212,216.106
ATP6V0A4,431630,215.815
NDUFV2,430808,215.404
ITPKA,431533,215.7665
WNT3,430860,215.43
SLC5A6,430997,215.4985
UGCG,430513,215.2565
TXN,430011,215.0055
ZNF100,2000000,1000
GNA14,430509,215.2545
NUDCD3,432209,216.1045
RAPGEF5,2000000,1000
STAP2,2000000,1000
MPND,2000000,1000
ASB10,431418,215.709
SORCS2,2000000,1000
FBXL12,431258,215.629
UBL5,431147,215.5735
PIN1,430292,215.146
TPRG1,2000000,1000
LGR4,430973,215.4865
ZYX,430973,215.4865
EPHA1,430927,215.4635
NEBL,431236,215.618
SCN8A,431410,215.705
TMEM44,2000000,1000
RAB5B,431009,215.5045
SUOX,431321,215.6605
DNAH10,432135,216.0675
CCDC92,2000000,1000
CHMP4B,431230,215.615
FAM174B,2000000,1000
BCL9L,430634,215.317
ARHGAP27,431533,215.7665
FARS2,431291,215.6455
E2F7,430907,215.4535
ATP6AP1L,2000000,1000
MTPN,431418,215.709
CREM,431275,215.6375
JPH1,430652,215.326
ZNF589,432028,216.014
PSME3,430551,215.2755
ANAPC1,430480,215.24
TIE1,430672,215.336
SIRT2,430569,215.2845
NFKBIB,430226,215.113
ASCC3,430521,215.2605
CDC16,430532,215.266
KSR2,2000000,1000
AOAH,431392,215.696
MGAT3,431092,215.546
CTNNBIP1,2000000,1000
ACBD7,2000000,1000
ASH2L,430759,215.3795
STAR,430552,215.276
TFEC,431489,215.7445
GNAI3,429954,214.977
GNAT2,430432,215.216
SLC7A13,431535,215.7675
ERBB3,430070,215.035
FBN1,430365,215.1825
SERPINB6,431659,215.8295
NUSAP1,430185,215.0925
STAMBP,430526,215.263
TRIM14,431768,215.884
PLCE1,431128,215.564
CHMP2B,430586,215.293
SLC10A2,430726,215.363
TRAIP,430321,215.1605
CAMKV,430365,215.1825
C15orf39,430718,215.359
FGFR1OP,432263,216.1315
STAT4,430608,215.304
OLFM1,430641,215.3205
ZNF346,431759,215.8795
FBLN2,432011,216.0055
AK7,431457,215.7285
MANEA,431558,215.779
NAT8,431235,215.6175
CFLAR,430700,215.35
RNF111,430866,215.433
RAD21,430244,215.122
EFNB2,430444,215.222
TBC1D4,430669,215.3345
MYBPC2,2000000,1000
PLCH1,2000000,1000
SF3A1,430639,215.3195
ATPAF2,430718,215.359
LAMA1,430718,215.359
SORBS1,2000000,1000
IL22RA1,431672,215.836
TAC1,430445,215.2225
CFH,430959,215.4795
SLC16A12,2000000,1000
SLC4A3,430963,215.4815
DNMBP,431055,215.5275
MT1X,2000000,1000
OIT3,431395,215.6975
PTPRF,430577,215.2885
PGM5,2000000,1000
LBH,2000000,1000
FASTK,431634,215.817
TMUB1,430718,215.359
MIPOL1,431179,215.5895
DUSP16,2000000,1000
OR10X1,2000000,1000
ALOX15B,431421,215.7105
XAF1,430599,215.2995
FBXO39,432240,216.12
MRPL16,430990,215.495
AVEN,431447,215.7235
GNG12,430310,215.155
TBC1D7,430602,215.301
SDHC,431130,215.565
RPS6KA5,430274,215.137
KHSRP,431204,215.602
ZHX3,2000000,1000
KCNB2,430365,215.1825
PAH,431185,215.5925
HEPACAM2,2000000,1000
LRRC32,2000000,1000
WNT4,430402,215.201
TBCC,430507,215.2535
C15orf59,2000000,1000
RXRG,430691,215.3455
CHN2,431533,215.7665
IL1R2,432130,216.065
SEMA3A,430646,215.323
XPO7,431136,215.568
RCAN2,2000000,1000
PPP3CA,430550,215.275
RRBP1,430384,215.192
EFCAB5,2000000,1000
PTK6,430298,215.149
FGF5,430642,215.321
BCAS1,2000000,1000
IPO13,431420,215.71
DPH2,431219,215.6095
ANXA10,431568,215.784
CD38,2000000,1000
ABCC1,430542,215.271
NRP2,430911,215.4555
RELN,430888,215.444
TXNDC2,431900,215.95
MFSD11,431568,215.784
HAT1,430118,215.059
EVC2,431270,215.635
LELP1,432133,216.0665
KCTD1,2000000,1000
HDLBP,430323,215.1615
ABCC4,2000000,1000
LPIN3,431993,215.9965
MAPK13,430226,215.113
PDZRN3,431325,215.6625
PID1,2000000,1000
TBC1D5,432267,216.1335
HARS,430856,215.428
ADCY8,430388,215.194
